target_atr,stop_atr,hold,rr,setup,n,win_rate,r_mean,r_ci_lo,r_ci_hi,edge_vs_control
1.0,0.75,5,1.3333333333333333,breakout_20d,16238,0.37744796157162214,-0.0838142759341485,-0.11139125884853551,-0.056260998663176374,-0.06880799229759005
1.0,0.75,5,1.3333333333333333,pullback_uptrend,161215,0.40507396954377695,-0.0039276945108570605,-0.030350244122718546,0.024067066320221663,0.0110785891257014
1.0,0.75,5,1.3333333333333333,tight_flag,214638,0.40644713424463513,-0.03147070702718862,-0.05756765020138561,-0.0040317344144341965,-0.01646442339063016
1.0,0.75,5,1.3333333333333333,oversold_bounce,14270,0.4370007007708479,0.08523061358986632,0.029639142443492073,0.1474927242794544,0.10023689722642479
1.0,0.75,5,1.3333333333333333,high_52w_momo,102108,0.380616602029224,-0.08354100282699603,-0.10408957652974632,-0.06127843353654152,-0.06853471919043758
1.0,0.75,5,1.3333333333333333,any_liquid,112903,0.39243421343985546,-0.015006283636558461,-0.036855337774150426,0.006497325269966496,0.0
1.0,0.75,10,1.3333333333333333,breakout_20d,16238,0.4102722010099766,-0.08373397970586278,-0.11154919936179507,-0.05456352853826385,-0.07340175066308793
1.0,0.75,10,1.3333333333333333,pullback_uptrend,161215,0.4430170889805539,-0.000971365646852738,-0.029139120132475892,0.028731414018372932,0.009360863395922119
1.0,0.75,10,1.3333333333333333,tight_flag,214638,0.4361995545989061,-0.03083328413276825,-0.05782205440397708,-0.001852593445624948,-0.020501055089993392
1.0,0.75,10,1.3333333333333333,oversold_bounce,14270,0.4746320953048353,0.08872535862744368,0.03159649107845356,0.15022459096421054,0.09905758767021854
1.0,0.75,10,1.3333333333333333,high_52w_momo,102108,0.41227915540408194,-0.08345974437426915,-0.10531993314046235,-0.06000039033124298,-0.0731275153314943
1.0,0.75,10,1.3333333333333333,any_liquid,112903,0.436348015553174,-0.010332229042774857,-0.03362614974519567,0.012802750154874424,0.0
1.0,0.75,20,1.3333333333333333,breakout_20d,16238,0.4146446606724966,-0.08236780887721798,-0.11038151735834825,-0.05289967214726761,-0.07224660722289063
1.0,0.75,20,1.3333333333333333,pullback_uptrend,161215,0.44698074000558263,-0.0010965329853182756,-0.029564244661607574,0.028963995388687505,0.009024668669009073
1.0,0.75,20,1.3333333333333333,tight_flag,214638,0.43865485142425853,-0.030824647082720702,-0.057871391144741276,-0.00173519131936733,-0.020703445428393353
1.0,0.75,20,1.3333333333333333,oversold_bounce,14270,0.48093903293622986,0.08886730406380566,0.031295977740350256,0.1499056269130397,0.09898850571813302
1.0,0.75,20,1.3333333333333333,high_52w_momo,102108,0.41616719551847065,-0.08329684660549264,-0.10523842995911672,-0.0594002734745352,-0.07317564495116528
1.0,0.75,20,1.3333333333333333,any_liquid,112903,0.44178631214405284,-0.010121201654327349,-0.033562210946736275,0.013285396692512975,0.0
1.0,1.0,5,1.0,breakout_20d,16238,0.4227121566695406,-0.06220366337821788,-0.08822139281519527,-0.03658319975202484,-0.06154252485086081
1.0,1.0,5,1.0,pullback_uptrend,161215,0.4491951741463263,0.01001560580826834,-0.015065175563131002,0.035576760973426234,0.010676744335625411
1.0,1.0,5,1.0,tight_flag,214638,0.4540528704143721,-0.013921770641929485,-0.0380995578561728,0.011482612386043518,-0.013260632114572414
1.0,1.0,5,1.0,oversold_bounce,14270,0.4806587245970568,0.08006361648242834,0.034039222470898335,0.13134135365491081,0.0807247550097854
1.0,1.0,5,1.0,high_52w_momo,102108,0.4261468249304658,-0.0586275020652404,-0.07757603653076083,-0.03808523355821856,-0.05796636353788333
1.0,1.0,5,1.0,any_liquid,112903,0.43405401096516477,-0.0006611385273570711,-0.020348725720068097,0.018647074293646825,0.0
1.0,1.0,10,1.0,breakout_20d,16238,0.4780761177484912,-0.061600872053135435,-0.0892998310499519,-0.03411468505910639,-0.06888388566876212
1.0,1.0,10,1.0,pullback_uptrend,161215,0.5131098222870081,0.01629674964912082,-0.011248833719175889,0.0437688969078617,0.009013736033494132
1.0,1.0,10,1.0,tight_flag,214638,0.5070071469171349,-0.011441446956321292,-0.03775919425142974,0.01631574161643458,-0.01872446057194798
1.0,1.0,10,1.0,oversold_bounce,14270,0.539593552908199,0.08442602027271533,0.036351065040686255,0.13794651092815044,0.07714300665708865
1.0,1.0,10,1.0,high_52w_momo,102108,0.48096133505699845,-0.056579560569910946,-0.07651234402335029,-0.03524944951498878,-0.06386257418553763
1.0,1.0,10,1.0,any_liquid,112903,0.5050884387483061,0.007283013615626686,-0.0147266687372669,0.029137550961397113,0.0
1.0,1.0,20,1.0,breakout_20d,16238,0.4877447961571622,-0.060900870441880264,-0.08850032693047219,-0.03311986014387431,-0.06898633702741976
1.0,1.0,20,1.0,pullback_uptrend,161215,0.5233818193096176,0.016779885681614932,-0.01117426526569836,0.04452362891045986,0.008694419096075441
1.0,1.0,20,1.0,tight_flag,214638,0.513818615529403,-0.011234465655155746,-0.03787492360221386,0.016882339728756163,-0.01931993224069524
1.0,1.0,20,1.0,oversold_bounce,14270,0.5544498948843728,0.08743636713295955,0.039097909085316004,0.140274161195646,0.07935090054742006
1.0,1.0,20,1.0,high_52w_momo,102108,0.49099972578054607,-0.05637056004127694,-0.07640906420050661,-0.03489022656687103,-0.06445602662681643
1.0,1.0,20,1.0,any_liquid,112903,0.5180553218249294,0.008085466585539491,-0.014351302096603335,0.030568041260664914,0.0
1.0,1.5,5,0.6666666666666666,breakout_20d,16238,0.4608326148540461,-0.03874179814312047,-0.05953938436789809,-0.018310066455532455,-0.04660840016554344
1.0,1.5,5,0.6666666666666666,pullback_uptrend,161215,0.4839810191359365,0.013492427739873783,-0.007317531875687165,0.0350386230443123,0.00562582571745081
1.0,1.5,5,0.6666666666666666,tight_flag,214638,0.4963240432728594,-0.00038541104691046857,-0.021298962127520107,0.021194268241106193,-0.008252013069333443
1.0,1.5,5,0.6666666666666666,oversold_bounce,14270,0.5252277505255781,0.07793545933750239,0.0413986665478033,0.11834264577692126,0.07006885731507942
1.0,1.5,5,0.6666666666666666,high_52w_momo,102108,0.46676068476515065,-0.032003183232421344,-0.04806175826674313,-0.015372716976004045,-0.03986978525484432
1.0,1.5,5,0.6666666666666666,any_liquid,112903,0.4674100776772982,0.007866602022422974,-0.008625410205651472,0.02375635297168733,0.0
1.0,1.5,10,0.6666666666666666,breakout_20d,16238,0.5583199901465697,-0.033707650913636644,-0.05725564988965663,-0.010699758475259846,-0.051758730339916736
1.0,1.5,10,0.6666666666666666,pullback_uptrend,161215,0.590658437490308,0.021580387907753924,-0.003361390780429859,0.045205824929980445,0.003529308481473835
1.0,1.5,10,0.6666666666666666,tight_flag,214638,0.592187776628556,0.004907018407882604,-0.01892561414968547,0.030477115453688523,-0.013144061018397483
1.0,1.5,10,0.6666666666666666,oversold_bounce,14270,0.6170988086895585,0.08419028869228105,0.043341152633541456,0.12821991636446828,0.06613920926600096
1.0,1.5,10,0.6666666666666666,high_52w_momo,102108,0.564059623144122,-0.025321652878438364,-0.043298284315280766,-0.006899116536161564,-0.043372732304718456
1.0,1.5,10,0.6666666666666666,any_liquid,112903,0.5810828764514672,0.01805107942628009,-0.002085556262061163,0.0375044997888344,0.0
1.0,1.5,20,0.6666666666666666,breakout_20d,16238,0.5894814632343884,-0.03470640941262887,-0.05861663608762386,-0.011245406816659049,-0.055396850387534356
1.0,1.5,20,0.6666666666666666,pullback_uptrend,161215,0.6218031820860341,0.024271319988123184,-0.0009106340498702675,0.04831473877018996,0.0035808790132176964
1.0,1.5,20,0.6666666666666666,tight_flag,214638,0.6152871346173557,0.006150150139020133,-0.018635778551575156,0.032698424680285436,-0.014540290835885355
1.0,1.5,20,0.6666666666666666,oversold_bounce,14270,0.6552207428170989,0.09109597421444117,0.048858001868238236,0.13470065065844286,0.07040553323953569
1.0,1.5,20,0.6666666666666666,high_52w_momo,102108,0.5959474282132644,-0.02364086055681091,-0.04236548393120875,-0.0037467213499154522,-0.0443313015317164
1.0,1.5,20,0.6666666666666666,any_liquid,112903,0.6173795204733267,0.020690440974905487,-0.00038987166089956963,0.041361142566571835,0.0
1.5,0.75,5,2.0,breakout_20d,16238,0.2423327996058628,-0.08218670233650845,-0.11739109857034197,-0.046726566656651564,-0.0822147414877174
1.5,0.75,5,2.0,pullback_uptrend,161215,0.2581521570573458,0.01350401442054958,-0.02086912948816513,0.0501372935222409,0.013475975269340619
1.5,0.75,5,2.0,tight_flag,214638,0.2682609789506052,-0.01563421173460199,-0.04853677247510863,0.020449164107123087,-0.01566225088581095
1.5,0.75,5,2.0,oversold_bounce,14270,0.2801681850035039,0.10026387848944325,0.031414511862754825,0.1779455768525467,0.1002358393382343
1.5,0.75,5,2.0,high_52w_momo,102108,0.24368315900810905,-0.08264722167456712,-0.1084629306983198,-0.05568006909218533,-0.08267526082577607
1.5,0.75,5,2.0,any_liquid,112903,0.24772592402327662,2.8039151208961602e-05,-0.02781159716658722,0.027142191201485203,0.0
1.5,0.75,10,2.0,breakout_20d,16238,0.30330089912550806,-0.08355199038948136,-0.12242405143939365,-0.0444969806360636,-0.0947361916526434
1.5,0.75,10,2.0,pullback_uptrend,161215,0.33738796017740286,0.02148671639037861,-0.017381254545555048,0.061746361638611254,0.010302515127216569
1.5,0.75,10,2.0,tight_flag,214638,0.3358445382457906,-0.013909094182562268,-0.050368156774890566,0.026654370685843143,-0.02509329544572431
1.5,0.75,10,2.0,oversold_bounce,14270,0.36103714085494043,0.11542602067179271,0.04170157959330953,0.19769634141888684,0.10424181940863067
1.5,0.75,10,2.0,high_52w_momo,102108,0.3083108081639049,-0.07868202659312998,-0.1067878944031943,-0.0479405002385974,-0.08986622785629202
1.5,0.75,10,2.0,any_liquid,112903,0.3291409439961737,0.011184201263162042,-0.0202275327673711,0.04172554432469807,0.0
1.5,0.75,20,2.0,breakout_20d,16238,0.32159132898140164,-0.08120287128780469,-0.1185182226886986,-0.04212297489035996,-0.09480777856042819
1.5,0.75,20,2.0,pullback_uptrend,161215,0.3559160127779673,0.02239083502542529,-0.017518527565676012,0.06315514111791021,0.008785927752801797
1.5,0.75,20,2.0,tight_flag,214638,0.3485356740185801,-0.012913142876865803,-0.04995283284323904,0.028509565769255053,-0.026518050149489297
1.5,0.75,20,2.0,oversold_bounce,14270,0.38766643307638404,0.12258589446214714,0.047104530504257267,0.208120660823617,0.10898098718952365
1.5,0.75,20,2.0,high_52w_momo,102108,0.32577271124691504,-0.07681883612240809,-0.10596417398218497,-0.04525380809741073,-0.09042374339503158
1.5,0.75,20,2.0,any_liquid,112903,0.3512307024614049,0.013604907272623494,-0.019085067748380466,0.045224708518879914,0.0
1.5,1.0,5,1.5,breakout_20d,16238,0.268998645153344,-0.06286626499447114,-0.09379443499055834,-0.03168210282159136,-0.07361852783980612
1.5,1.0,5,1.5,pullback_uptrend,161215,0.28319325124833294,0.023089261261061967,-0.008391159392497332,0.055545501644302844,0.012336998415726991
1.5,1.0,5,1.5,tight_flag,214638,0.2971608009765279,-0.0013708027232027609,-0.0312890659231704,0.03048066472271791,-0.012123065568537737
1.5,1.0,5,1.5,oversold_bounce,14270,0.3042046250875964,0.08613169093983468,0.02853679776904719,0.1503735798342898,0.0753794280944997
1.5,1.0,5,1.5,high_52w_momo,102108,0.26956751674697377,-0.06047935622934351,-0.08352889130424847,-0.03594402324087875,-0.07123161907467848
1.5,1.0,5,1.5,any_liquid,112903,0.27116197089537036,0.010752262845334976,-0.013568800307108565,0.03416595112729488,0.0
1.5,1.0,10,1.5,breakout_20d,16238,0.3560783347702919,-0.06206900384160622,-0.09655054129731994,-0.026331561549606895,-0.08842662565372174
1.5,1.0,10,1.5,pullback_uptrend,161215,0.39179356759606737,0.03370180129298572,-0.0029647462099704897,0.070803893180014,0.007344179480870204
1.5,1.0,10,1.5,tight_flag,214638,0.39346714002180416,0.003781078794217474,-0.03126771691794935,0.04121633054868791,-0.022576543017898045
1.5,1.0,10,1.5,oversold_bounce,14270,0.4096005606166783,0.10254949938311761,0.03957339086479581,0.1735667093580843,0.0761918775710021
1.5,1.0,10,1.5,high_52w_momo,102108,0.36094135621107065,-0.05424779549429927,-0.08056631674066027,-0.025513145293066006,-0.0806054173064148
1.5,1.0,10,1.5,any_liquid,112903,0.38208019273181404,0.02635762181211552,-0.0030627836004616525,0.05497747535599839,0.0
1.5,1.0,20,1.5,breakout_20d,16238,0.3870550560413844,-0.061630272272032556,-0.0975184093860226,-0.025386582613701622,-0.09294619444448676
1.5,1.0,20,1.5,pullback_uptrend,161215,0.42554352882796265,0.03644805530741499,-0.002151050680605059,0.07548553587155482,0.00513213313496079
1.5,1.0,20,1.5,tight_flag,214638,0.41821112757293677,0.005869089841063058,-0.0295226312603413,0.04509542835925838,-0.025446832331391143
1.5,1.0,20,1.5,oversold_bounce,14270,0.4529081990189208,0.11280332272597655,0.04566558747231467,0.18684237251975128,0.08148740055352235
1.5,1.0,20,1.5,high_52w_momo,102108,0.3928487483840639,-0.05144621958686188,-0.0791531838424559,-0.021510172519300656,-0.08276214175931608
1.5,1.0,20,1.5,any_liquid,112903,0.42080369875025464,0.0313159221724542,-0.00023244755944187674,0.06163356159819518,0.0
1.5,1.5,5,1.0,breakout_20d,16238,0.2923389579997537,-0.03901400863947637,-0.06420271622128312,-0.013647292476221774,-0.05464343024523309
1.5,1.5,5,1.0,pullback_uptrend,161215,0.3021803182086034,0.02188571315394638,-0.00380253064170182,0.047694554324808784,0.0062562915481896575
1.5,1.5,5,1.0,tight_flag,214638,0.3221703519414083,0.007971029132207161,-0.017771599541901727,0.034645993667292284,-0.007658392473549562
1.5,1.5,5,1.0,oversold_bounce,14270,0.3325157673440785,0.08358214050307045,0.03947436058871588,0.13363036946049722,0.06795271889731372
1.5,1.5,5,1.0,high_52w_momo,102108,0.29347357699690524,-0.03296096609717233,-0.05226732928168846,-0.01249043199606396,-0.04859038770292905
1.5,1.5,5,1.0,any_liquid,112903,0.2898594368617309,0.015629421605756724,-0.0036040701508035667,0.03465896799073198,0.0
1.5,1.5,10,1.0,breakout_20d,16238,0.4153836679394014,-0.03579646205269486,-0.06682119086728044,-0.005243695552553994,-0.068413866094028
1.5,1.5,10,1.0,pullback_uptrend,161215,0.4504481592903886,0.03471392738201168,0.0021565285093945253,0.06647434746713485,0.002096523340678544
1.5,1.5,10,1.0,tight_flag,214638,0.4622434051752253,0.01864519677364775,-0.012669546982101654,0.053154328854979,-0.013972207267685385
1.5,1.5,10,1.0,oversold_bounce,14270,0.47049754730203225,0.10147367875961573,0.04796456694427165,0.16002070635351573,0.0688562747182826
1.5,1.5,10,1.0,high_52w_momo,102108,0.4237865789164414,-0.02172252522039032,-0.04599044706488424,0.0032609990510406328,-0.05433992926172346
1.5,1.5,10,1.0,any_liquid,112903,0.4385268770537541,0.032617404041333134,0.0071136161942062974,0.0580761697169436,0.0
1.5,1.5,20,1.0,breakout_20d,16238,0.4801699716713881,-0.03459168603403543,-0.06783273699475656,-0.0026988794336280913,-0.07695974339150345
1.5,1.5,20,1.0,pullback_uptrend,161215,0.5195112117358807,0.04259735315062454,0.008127316241784668,0.07624594869168469,0.00022929579315651705
1.5,1.5,20,1.0,tight_flag,214638,0.5170659435887401,0.02368043610085073,-0.011232444196917898,0.06085989751483156,-0.01868762125661729
1.5,1.5,20,1.0,oversold_bounce,14270,0.5473721093202523,0.1154212657749248,0.05824615136304111,0.17806678373393028,0.07305320841745677
1.5,1.5,20,1.0,high_52w_momo,102108,0.4917930034865045,-0.014157532470370533,-0.04080599361683352,0.013428177145750201,-0.056525589827838556
1.5,1.5,20,1.0,any_liquid,112903,0.514574457720344,0.04236805735746802,0.013129581547342426,0.0702025257515467,0.0
2.0,0.75,5,2.6666666666666665,breakout_20d,16238,0.1516812415322084,-0.0830052592444588,-0.12286535015493084,-0.041164358246161895,-0.08793021639061946
2.0,0.75,5,2.6666666666666665,pullback_uptrend,161215,0.1535899264956735,0.021648055616300666,-0.017248040607192282,0.06327688894442479,0.016723098470140002
2.0,0.75,5,2.6666666666666665,tight_flag,214638,0.16729563264659567,-0.00783297176696948,-0.045288403516629584,0.03268438133360519,-0.012757928913130146
2.0,0.75,5,2.6666666666666665,oversold_bounce,14270,0.16299929922915207,0.09915069902893354,0.022649423243355483,0.18688633412956251,0.09422574188277288
2.0,0.75,5,2.6666666666666665,high_52w_momo,102108,0.1482352019430407,-0.08708818182133937,-0.11595984611010118,-0.056198887491310856,-0.09201313896750003
2.0,0.75,5,2.6666666666666665,any_liquid,112903,0.14623172103487064,0.004924957146160665,-0.025963284655147252,0.03481225017287713,0.0
2.0,0.75,10,2.6666666666666665,breakout_20d,16238,0.22564355216159626,-0.08128527370695562,-0.12632003041588838,-0.033620927323138886,-0.10274952742032256
2.0,0.75,10,2.6666666666666665,pullback_uptrend,161215,0.25186241975002327,0.032031889334612325,-0.014733889670237995,0.08052089351262635,0.010567635621245394
2.0,0.75,10,2.6666666666666665,tight_flag,214638,0.2582627493733635,-0.000977327605515093,-0.04610387096953579,0.048077633809261985,-0.022441581318882024
2.0,0.75,10,2.6666666666666665,oversold_bounce,14270,0.2646811492641906,0.12581674725397154,0.038952523981576344,0.2267851263224247,0.10435249354060461
2.0,0.75,10,2.6666666666666665,high_52w_momo,102108,0.22658361734633917,-0.08198549828458888,-0.11725709391926269,-0.04565842102695682,-0.10344975199795581
2.0,0.75,10,2.6666666666666665,any_liquid,112903,0.24246477064382702,0.02146425371336693,-0.016164146429154536,0.05780896184973922,0.0
2.0,0.75,20,2.6666666666666665,breakout_20d,16238,0.2611159009730262,-0.07989648854753692,-0.12589719752409675,-0.030028744631343685,-0.11001642988184016
2.0,0.75,20,2.6666666666666665,pullback_uptrend,161215,0.2925720311385417,0.03656122594684884,-0.013243500039576219,0.08699700308866379,0.00644128461254561
2.0,0.75,20,2.6666666666666665,tight_flag,214638,0.2892125345931289,0.0035698785176902803,-0.041988996347909625,0.05419456613670925,-0.026550062816612947
2.0,0.75,20,2.6666666666666665,oversold_bounce,14270,0.3147862648913805,0.1372064658687741,0.048406044129435104,0.2433345055202862,0.10708652453447087
2.0,0.75,20,2.6666666666666665,high_52w_momo,102108,0.2633681983781878,-0.07577620466996896,-0.11325965241367497,-0.036136562837953176,-0.10589614600427219
2.0,0.75,20,2.6666666666666665,any_liquid,112903,0.28698085967600506,0.030119941334303228,-0.010842356474384338,0.06960393630220586,0.0
2.0,1.0,5,2.0,breakout_20d,16238,0.16726197807611776,-0.06339826128249787,-0.09885655234212064,-0.027540830174611987,-0.0772369692642009
2.0,1.0,5,2.0,pullback_uptrend,161215,0.16739757466736965,0.02958758468440932,-0.005621335134743274,0.06624098861749583,0.015748876702706284
2.0,1.0,5,2.0,tight_flag,214638,0.18417055693772771,0.004616222199239662,-0.028713374253841847,0.04034618753907962,-0.009222485782463374
2.0,1.0,5,2.0,oversold_bounce,14270,0.1770147161878066,0.08515450214047122,0.021720946186418587,0.15871755610922048,0.0713157941587682
2.0,1.0,5,2.0,high_52w_momo,102108,0.16348376229090766,-0.06418318238209057,-0.08995605377101264,-0.03710487744488334,-0.0780218903637936
2.0,1.0,5,2.0,any_liquid,112903,0.15861403151377731,0.013838707981703035,-0.013315778200600804,0.04017780683569864,0.0
2.0,1.0,10,2.0,breakout_20d,16238,0.2622244118733834,-0.06001324430565346,-0.10225576755532037,-0.01746206244378093,-0.09461794228824383
2.0,1.0,10,2.0,pullback_uptrend,161215,0.2905498867971343,0.04281784691531534,-0.0007330262483625268,0.08778611779676869,0.00821314893272497
2.0,1.0,10,2.0,tight_flag,214638,0.3017871951844501,0.016023142819790698,-0.026145941137501225,0.06221110511354962,-0.01858155516279967
2.0,1.0,10,2.0,oversold_bounce,14270,0.2995094604064471,0.11057175763950954,0.03479870419484132,0.19653473408894703,0.07596705965691916
2.0,1.0,10,2.0,high_52w_momo,102108,0.26390684373408546,-0.056186359092192384,-0.08824263893276045,-0.022084108293698806,-0.09079105707478274
2.0,1.0,10,2.0,any_liquid,112903,0.27946113035083214,0.03460469798259037,-0.0007799499379687369,0.06883669594410717,0.0
2.0,1.0,20,2.0,breakout_20d,16238,0.31697253356324673,-0.059084628376591,-0.10279166348041388,-0.013898794491533363,-0.1055972352495239
2.0,1.0,20,2.0,pullback_uptrend,161215,0.3530502744781813,0.05054915199722032,0.003673967019370401,0.09793794284861004,0.004036545124287423
2.0,1.0,20,2.0,tight_flag,214638,0.3513264193665614,0.02266851502250357,-0.021355264576948214,0.07214877331192172,-0.02384409185042933
2.0,1.0,20,2.0,oversold_bounce,14270,0.37098808689558516,0.12614740622855172,0.046633053801454716,0.21676438848570462,0.07963479935561882
2.0,1.0,20,2.0,high_52w_momo,102108,0.3213754064324049,-0.04806488469998393,-0.0838237939499634,-0.009866238107848542,-0.09457749157291682
2.0,1.0,20,2.0,any_liquid,112903,0.3462175495779563,0.0465126068729329,0.006979508790659111,0.0839574156892069,0.0
2.0,1.5,5,1.3333333333333333,breakout_20d,16238,0.18105678039167386,-0.04028934542891473,-0.06795787616810978,-0.012218623557456242,-0.05795985269280356
2.0,1.5,5,1.3333333333333333,pullback_uptrend,161215,0.1773408181620817,0.026056692038906794,-0.0020038744133685357,0.054592865970347765,0.008386184775017968
2.0,1.5,5,1.3333333333333333,tight_flag,214638,0.19890699689710117,0.012522322048813858,-0.015153405131066566,0.04154187534488615,-0.005148185215074968
2.0,1.5,5,1.3333333333333333,oversold_bounce,14270,0.19327259985984582,0.08360627560687567,0.0346660817394319,0.13875016071727014,0.06593576834298684
2.0,1.5,5,1.3333333333333333,high_52w_momo,102108,0.1776648254789047,-0.036057498034158586,-0.057586156386412485,-0.013610749720554899,-0.053728005298047415
2.0,1.5,5,1.3333333333333333,any_liquid,112903,0.16913633827267655,0.017670507263888826,-0.003347101370171706,0.038320862888567064,0.0
2.0,1.5,10,1.3333333333333333,breakout_20d,16238,0.30286981155314696,-0.033806957209020064,-0.06964505269859624,0.002659961746504836,-0.07268231078648343
2.0,1.5,10,1.3333333333333333,pullback_uptrend,161215,0.33147039667524736,0.04154877672682387,0.0034868283136139443,0.07914936750441659,0.0026734231493604974
2.0,1.5,10,1.3333333333333333,tight_flag,214638,0.3521836767021683,0.029056372506541795,-0.008345354981726437,0.07020937683969693,-0.009818981070921575
2.0,1.5,10,1.3333333333333333,oversold_bounce,14270,0.3414856341976174,0.10496577032658042,0.04075667720948776,0.1737625579939967,0.06609041674911705
2.0,1.5,10,1.3333333333333333,high_52w_momo,102108,0.30761546597720063,-0.02231297496049286,-0.05038196740054628,0.007178819616760752,-0.061188328537956235
2.0,1.5,10,1.3333333333333333,any_liquid,112903,0.3181492077269869,0.03887535357746337,0.009305244742039665,0.06885598694127451,0.0
2.0,1.5,20,1.3333333333333333,breakout_20d,16238,0.39635423081660304,-0.028270405850544994,-0.0665353776668202,0.011926650685283136,-0.08495207657728662
2.0,1.5,20,1.3333333333333333,pullback_uptrend,161215,0.434934714511677,0.05610665836620494,0.012921604723607979,0.09807851983921968,-0.0005750123605366836
2.0,1.5,20,1.3333333333333333,tight_flag,214638,0.43997335047848,0.040325574247284855,-0.0018312922542755626,0.08740448747370236,-0.016356096479456766
2.0,1.5,20,1.3333333333333333,oversold_bounce,14270,0.4514365802382621,0.12733678149212843,0.05831516593447345,0.203347859312651,0.0706551107653868
2.0,1.5,20,1.3333333333333333,high_52w_momo,102108,0.4057272691659811,-0.009999202731048797,-0.043091494789710874,0.025133615292507606,-0.06668087345779042
2.0,1.5,20,1.3333333333333333,any_liquid,112903,0.4261268522537045,0.05668167072674162,0.020825703209885513,0.09151007471672849,0.0
3.0,0.75,5,4.0,breakout_20d,16238,0.05517920926222441,-0.0901137160455236,-0.13258236329584072,-0.04802301215675699,-0.09670956037323751
3.0,0.75,5,4.0,pullback_uptrend,161215,0.05024966659429954,0.029902287433210693,-0.012722504369743834,0.07516522831156798,0.023306443105496774
3.0,0.75,5,4.0,tight_flag,214638,0.06095845097326662,0.0010151177740728374,-0.03935025455310699,0.04538584722841808,-0.005580726553641082
3.0,0.75,5,4.0,oversold_bounce,14270,0.048773651016117726,0.09205192676788178,0.010148632643988199,0.18559577314464717,0.08545608244016786
3.0,0.75,5,4.0,high_52w_momo,102108,0.052610960943314924,-0.0958772037968987,-0.12720682423061616,-0.06313953696241512,-0.10247304812461261
3.0,0.75,5,4.0,any_liquid,112903,0.04700495115275945,0.006595844327713919,-0.026626040698053025,0.03819554563412363,0.0
3.0,0.75,10,4.0,breakout_20d,16238,0.11707106786550067,-0.08326781963810652,-0.1377262905124348,-0.024876847435610056,-0.11498017035852326
3.0,0.75,10,4.0,pullback_uptrend,161215,0.12906367273516733,0.04809537251455052,-0.007075482849883413,0.10542497724350769,0.016383021794133777
3.0,0.75,10,4.0,tight_flag,214638,0.1415080274695068,0.01461315241028418,-0.04018764879922453,0.07512734641447982,-0.01709919831013256
3.0,0.75,10,4.0,oversold_bounce,14270,0.1212333566923616,0.1066449349010614,0.0016314611275647986,0.22732710623944138,0.07493258418064466
3.0,0.75,10,4.0,high_52w_momo,102108,0.1144964155599953,-0.0894901290380321,-0.13194535704253255,-0.045445645829874225,-0.12120247975844885
3.0,0.75,10,4.0,any_liquid,112903,0.11934138153990594,0.03171235072041674,-0.013388400899458381,0.07451545391984887,0.0
3.0,0.75,20,4.0,breakout_20d,16238,0.1747136346840744,-0.0691232908252708,-0.12925627799303063,-0.005726410683912124,-0.12326450709508781
3.0,0.75,20,4.0,pullback_uptrend,161215,0.2002233042831002,0.063745906247992,0.0015052501491283244,0.1281478710642153,0.009604689978174999
3.0,0.75,20,4.0,tight_flag,214638,0.20470746093422412,0.03189046216233581,-0.029903219510818757,0.09957728722387552,-0.022250754107481195
3.0,0.75,20,4.0,oversold_bounce,14270,0.19607568325157673,0.11125908640001096,0.0011799675602707632,0.23977024287700294,0.057117870130193954
3.0,0.75,20,4.0,high_52w_momo,102108,0.1760782700669879,-0.06781813657016611,-0.11800248717382805,-0.013442368608466848,-0.12195935283998312
3.0,0.75,20,4.0,any_liquid,112903,0.1915803831607663,0.05414121626981701,-0.0012407973356871355,0.1050923157971467,0.0
3.0,1.0,5,3.0,breakout_20d,16238,0.06127601921418894,-0.06919711549908991,-0.1064518145444632,-0.03206825136749902,-0.08419389383914444
3.0,1.0,5,3.0,pullback_uptrend,161215,0.054703346462798126,0.035867730613798,-0.002317260842175165,0.07563266019848332,0.020870952273743474
3.0,1.0,5,3.0,tight_flag,214638,0.06693595728622145,0.011887677649597304,-0.024266293427297015,0.05119277045394418,-0.003109100690457221
3.0,1.0,5,3.0,oversold_bounce,14270,0.053819201121233354,0.07920986604313736,0.010527290712739805,0.1578055587891914,0.06421308770308283
3.0,1.0,5,3.0,high_52w_momo,102108,0.05834018881968112,-0.07075737090307889,-0.09925686398560034,-0.041252977344474064,-0.08575414924313342
3.0,1.0,5,3.0,any_liquid,112903,0.050946387607060925,0.014996778340054525,-0.013729649712991022,0.04233171465722126,0.0
3.0,1.0,10,3.0,breakout_20d,16238,0.13437615469885453,-0.05957530860933685,-0.10733414435148231,-0.008705391376646283,-0.10278501963923703
3.0,1.0,10,3.0,pullback_uptrend,161215,0.14712030518252023,0.05631054774575878,0.005569695916079435,0.11012848540274078,0.013100836715858592
3.0,1.0,10,3.0,tight_flag,214638,0.1637314920936647,0.030634104240751154,-0.020258562831609917,0.08699843531391532,-0.01257560678914903
3.0,1.0,10,3.0,oversold_bounce,14270,0.13433777154870358,0.08605430952881966,-0.006970196761328585,0.19151604001565042,0.04284459849891948
3.0,1.0,10,3.0,high_52w_momo,102108,0.1319289379872292,-0.06131862050400924,-0.10019298847209045,-0.020388224493052658,-0.10452833153390942
3.0,1.0,10,3.0,any_liquid,112903,0.1358334145239719,0.043209711029900184,0.0016211534931609563,0.0819129159110185,0.0
3.0,1.0,20,3.0,breakout_20d,16238,0.21184874984604016,-0.0462485836949229,-0.1018057687998106,0.013084568292090672,-0.11480512383085673
3.0,1.0,20,3.0,pullback_uptrend,161215,0.2406475824209906,0.07516928647149185,0.014878200408171517,0.1352638302624081,0.006612746335558015
3.0,1.0,20,3.0,tight_flag,214638,0.24936870451644164,0.05012945950348141,-0.010043782953940969,0.11601862801503064,-0.018427080632452422
3.0,1.0,20,3.0,oversold_bounce,14270,0.22775052557813594,0.09389866332883298,-0.008317999351496028,0.21087929844757616,0.02534212319289915
3.0,1.0,20,3.0,high_52w_momo,102108,0.21492929055509852,-0.03749594502087604,-0.08585072567486844,0.014258102154382599,-0.10605248515680987
3.0,1.0,20,3.0,any_liquid,112903,0.22997617423806277,0.06855654013593383,0.01577893880161556,0.1175057762331305,0.0
3.0,1.5,5,2.0,breakout_20d,16238,0.06601798251016135,-0.04437397416669195,-0.0736126505383809,-0.01582913136619653,-0.06268895203753677
3.0,1.5,5,2.0,pullback_uptrend,161215,0.0582576063021431,0.030288769803148326,0.00044769614426859217,0.06067089786881185,0.0119737919323035
3.0,1.5,5,2.0,tight_flag,214638,0.0726479001854285,0.017543238745088154,-0.011611800061277102,0.04880333831380322,-0.0007717391257566729
3.0,1.5,5,2.0,oversold_bounce,14270,0.059285213735108616,0.07837402841110366,0.02793412732516649,0.13644797000477188,0.06005905054025884
3.0,1.5,5,2.0,high_52w_momo,102108,0.06376581658635955,-0.04106020305659019,-0.06410159695142542,-0.017397276114308552,-0.05937518092743502
3.0,1.5,5,2.0,any_liquid,112903,0.054816966776790696,0.018314977870844826,-0.004334839218623198,0.04028015908463488,0.0
3.0,1.5,10,2.0,breakout_20d,16238,0.15322084000492672,-0.032185045788986795,-0.07219982970583559,0.00984430398995966,-0.07779800964169489
3.0,1.5,10,2.0,pullback_uptrend,161215,0.16567316937009582,0.05116621362295377,0.0072772984788622725,0.0949854078609742,0.005553249770245662
3.0,1.5,10,2.0,tight_flag,214638,0.18853604673916083,0.0402165458221718,-0.004026761718038001,0.08896247225327118,-0.005396418030536303
3.0,1.5,10,2.0,oversold_bounce,14270,0.15339873861247372,0.08469838557212425,0.0048530754389777084,0.17047117650060215,0.03908542171941615
3.0,1.5,10,2.0,high_52w_momo,102108,0.15156500959768088,-0.02606111158873218,-0.05963286387851887,0.008267432666838754,-0.07167407544144028
3.0,1.5,10,2.0,any_liquid,112903,0.15302516319318352,0.045612963852708105,0.011310113758158869,0.07989025265327655,0.0
3.0,1.5,20,2.0,breakout_20d,16238,0.2622244118733834,-0.01307020519629016,-0.06303382339098887,0.037851670972986896,-0.08978745744718541
3.0,1.5,20,2.0,pullback_uptrend,161215,0.2938870452501318,0.07739332725695457,0.023394348673763228,0.13169993357213833,0.0006760750060593179
3.0,1.5,20,2.0,tight_flag,214638,0.31166894958022345,0.06451508737285973,0.008892949697395352,0.12592770487783764,-0.01220216487803552
3.0,1.5,20,2.0,oversold_bounce,14270,0.27498248072880166,0.10295957480681323,0.011888094908720457,0.20566099887646833,0.026242322555917977
3.0,1.5,20,2.0,high_52w_momo,102108,0.2684412582755514,-2.386388020214738e-05,-0.04407636797164535,0.04661325516157487,-0.0767411161310974
3.0,1.5,20,2.0,any_liquid,112903,0.2806479898674083,0.07671725225089525,0.030096448373047743,0.12253863774145929,0.0
