exit,setup,n,R,edge,lo,hi,months_pos,hold,clears
bracket_1.5R_7d,connors_rsi2,102110,0.06791569657682187,0.11281476398458193,0.0812596850750519,0.14337644664823637,0.7269230769230769,3.6832729409460385,True
bracket_1.5R_7d,pullback_3day,118328,0.0710748468632769,0.08071295810432097,0.05410204538605546,0.10885884654372734,0.6730769230769231,3.7612314921235885,True
bracket_1.5R_7d,rs_pullback_50ma,19142,0.048526070947353825,0.061598194577916376,0.028520495004726393,0.09559239676676387,0.5875486381322957,3.770034479155783,True
bracket_1.5R_7d,connors_rsi2_strict,35217,0.07204145174408508,0.14528161816571566,0.1063119109763831,0.18382916975170163,0.7153846153846154,3.6381009171706844,True
bracket_1.5R_7d,cum_rsi,126979,0.07537927690048231,0.10827244094137069,0.07676126729886433,0.13867255610431717,0.6923076923076923,3.7653785271580342,True
bracket_1.5R_7d,ibs_low,241491,0.03935747486204833,0.025454665550158462,0.004876038591862837,0.04590995899495974,0.5923076923076923,3.7816357545415773,True
bracket_1.5R_7d,bb_lower,103516,0.07359374420224846,0.12070260966212482,0.08653148850187443,0.15408045172099452,0.6756756756756757,3.6544398933498203,True
bracket_1.5R_7d,idio_drop,88315,-0.004214776545438685,-0.04737266466845952,-0.07282506002025922,-0.021080607202379947,0.4362934362934363,3.952080620506143,False
bracket_1.5R_7d,market_drop,38797,0.12446024642858018,0.2698899060728338,0.21157110714803973,0.32837275539056443,0.7292576419213974,3.4697528159393767,True
bracket_1.5R_7d,down_5days,136586,0.07248223764242995,0.1292050520656052,0.0984458462103782,0.15968467167294603,0.7192307692307692,3.720666832618277,True
bracket_1.0R_5d,connors_rsi2,102110,0.044997501349886976,0.09572764583544209,0.07348727192783701,0.1182486623080426,0.7076923076923077,2.6581333855645872,True
bracket_1.0R_5d,pullback_3day,118328,0.04209760193395713,0.062229163717109896,0.041504496254762484,0.08347816104182543,0.6846153846153846,2.732168210398215,True
bracket_1.0R_5d,rs_pullback_50ma,19142,0.025809494170724333,0.05977430500294537,0.03281457383227289,0.08818619658237428,0.603112840466926,2.7455333820917356,True
bracket_1.0R_5d,connors_rsi2_strict,35217,0.05307006082491535,0.12257882743973661,0.09271719951155936,0.15322187062774947,0.7230769230769231,2.613368543601102,True
bracket_1.0R_5d,cum_rsi,126979,0.05058561328869068,0.08972169424970067,0.06740060136363175,0.11188297941226961,0.7,2.72543491443467,True
bracket_1.0R_5d,ibs_low,241491,0.011084404152773213,0.019919651631493823,0.0027923797509144936,0.03774091110255192,0.5923076923076923,2.767821575131164,True
bracket_1.0R_5d,bb_lower,103516,0.04597850625338573,0.0981856430638912,0.07314787327994479,0.12262682351387952,0.6756756756756757,2.627246029599289,True
bracket_1.0R_5d,idio_drop,88315,-0.014310094829097486,-0.029111080526235948,-0.04987457297162336,-0.007041217602087353,0.43243243243243246,2.8866783672082885,False
bracket_1.0R_5d,market_drop,38797,0.07505997165949571,0.22649113757755868,0.18374051943408898,0.2701272270402084,0.7510917030567685,2.509549707451607,True
bracket_1.0R_5d,down_5days,136586,0.050887333503218585,0.10867257295338326,0.086104966314815,0.13119402073922537,0.7653846153846153,2.6899242967800507,True
bracket_2.0R_10d,connors_rsi2,102110,0.0813623942552852,0.12147745246038436,0.08463187295035567,0.15845451037452357,0.7153846153846154,4.807051219273332,True
bracket_2.0R_10d,pullback_3day,118328,0.08967649009852427,0.08789734391174711,0.055807262994729136,0.12112669947976891,0.6538461538461539,4.891969778919614,True
bracket_2.0R_10d,rs_pullback_50ma,19142,0.07277540888146179,0.07781050995623681,0.03861000116864287,0.11779572522339103,0.6147859922178989,4.876867620938251,True
bracket_2.0R_10d,connors_rsi2_strict,35217,0.07718378121934966,0.15306410598057366,0.10518204508501079,0.20210354234927852,0.676923076923077,4.762415878694949,True
bracket_2.0R_10d,cum_rsi,126979,0.08585039591515553,0.11665346998305583,0.07981354714987542,0.152818947370697,0.7,4.908417927373818,True
bracket_2.0R_10d,ibs_low,241491,0.06121600567813555,0.02889118823209832,0.005265586257656506,0.052771923086854244,0.5846153846153846,4.899159803056842,True
bracket_2.0R_10d,bb_lower,103516,0.09104291212573096,0.13967870383538014,0.09628668543092032,0.18155667152943716,0.6833976833976834,4.787327562888829,True
bracket_2.0R_10d,idio_drop,88315,0.0015818399123596187,-0.053476734398889614,-0.08441718818818396,-0.02020378491918285,0.40540540540540543,5.133929683519221,False
bracket_2.0R_10d,market_drop,38797,0.14819534419376054,0.32814030340694317,0.257873695572814,0.3965165643432674,0.7379912663755459,4.549114622264608,True
bracket_2.0R_10d,down_5days,136586,0.08497154046653212,0.14259540167862791,0.10627557609063909,0.1798311846028156,0.7,4.853542822836894,True
bracket_1.5R_3d,connors_rsi2,102110,0.035950366871511964,0.08210359297453747,0.05674316934276369,0.10757057215726099,0.6807692307692308,2.4460287924786996,True
bracket_1.5R_3d,pullback_3day,118328,0.03256128138489813,0.04965391448935649,0.026852940775253478,0.07271774811657193,0.6461538461538462,2.4845683185721046,True
bracket_1.5R_3d,rs_pullback_50ma,19142,0.013832914318718843,0.052544686043094445,0.025069031611154313,0.08103127173897319,0.5953307392996109,2.492163828231115,True
bracket_1.5R_3d,connors_rsi2_strict,35217,0.04622209183632475,0.11377956803661035,0.08198523242762162,0.14482577662481014,0.6846153846153846,2.426129426129426,True
bracket_1.5R_3d,cum_rsi,126979,0.04476498952469342,0.0795477199002201,0.0542446576757752,0.10498543665014569,0.6615384615384615,2.4818592050654047,True
bracket_1.5R_3d,ibs_low,241491,-0.0026292483898848703,0.0048268684925770865,-0.01369373256563651,0.02437888110056227,0.55,2.4810862516615524,False
bracket_1.5R_3d,bb_lower,103516,0.03171134558992526,0.0817359342512462,0.055463606625120204,0.1081274522096768,0.667953667953668,2.4300108195834462,True
bracket_1.5R_3d,idio_drop,88315,-0.022055382166332037,-0.03188974827033919,-0.05483326281619808,-0.007762017568964624,0.42857142857142855,2.5159825624186154,False
bracket_1.5R_3d,market_drop,38797,0.07726793446997074,0.20747198029384245,0.15841513860392753,0.25640585267158267,0.7248908296943232,2.3903652344253423,True
bracket_1.5R_3d,down_5days,136586,0.04167259700660131,0.09916436661748498,0.0745437006356,0.12346865890717759,0.7384615384615385,2.4642423088749945,True
signal_sma5,connors_rsi2,102110,0.032421686954004825,0.09193717967979878,0.06685862460020746,0.11654051615401412,0.7269230769230769,2.403985897561453,True
signal_sma5,pullback_3day,118328,0.028498246365351358,0.05558628334213038,0.03297667997174324,0.0780799201575821,0.6461538461538462,2.3399026434994252,True
signal_sma5,rs_pullback_50ma,19142,-0.0013250468639329726,0.040473399773062683,0.020138210813736124,0.061821547145854194,0.5758754863813229,1.6574025702643402,True
signal_sma5,connors_rsi2_strict,35217,0.046593008789850586,0.13381615961727883,0.10292330710522211,0.1645516377450003,0.7230769230769231,2.409319362807735,True
signal_sma5,cum_rsi,126979,0.03563510752114471,0.08036590785571485,0.05647269720104763,0.1037653343287338,0.7038461538461539,2.2543727703006007,True
signal_sma5,ibs_low,241491,0.003479708136192065,0.018197251986641193,0.0010731032565303139,0.03532601410878974,0.5961538461538461,2.1623455946598424,True
signal_sma5,bb_lower,103516,0.03494896887957379,0.09159020388476745,0.06567073567391103,0.11650700285135232,0.6911196911196911,2.3952625681054136,True
signal_sma5,idio_drop,88315,-0.024920323134939196,-0.026353840213683647,-0.04947557843899221,-0.0029724627488490547,0.44787644787644787,2.3335899903753607,False
signal_sma5,market_drop,38797,0.06113412587562423,0.2100306144123681,0.16751454992729958,0.25437159945710475,0.7467248908296943,2.240998015310462,True
signal_sma5,down_5days,136586,0.04065416461993713,0.1034217278110231,0.07986448437983101,0.12681834925593513,0.7461538461538462,2.2583500505176226,True
signal_sma5_wide,connors_rsi2,102110,0.03703734599967017,0.0660771744638178,0.048947607442162124,0.08242812313454674,0.7346153846153847,3.156566447948291,True
signal_sma5_wide,pullback_3day,118328,0.03312154697871064,0.03944016362264812,0.023190524885364893,0.0556042973773611,0.7115384615384616,3.064777567439659,True
signal_sma5_wide,rs_pullback_50ma,19142,0.0016833524959331747,0.015975192900507054,0.003962780228519153,0.02928022829015734,0.5447470817120622,2.1202591160798243,True
signal_sma5_wide,connors_rsi2_strict,35217,0.047142595329229944,0.09043901253410526,0.07039024546987596,0.10976730820361688,0.7461538461538462,3.154868387426527,True
signal_sma5_wide,cum_rsi,126979,0.03806863556569276,0.05646375377279642,0.03976469169654097,0.07211137667334927,0.7038461538461539,2.9455973034911285,True
signal_sma5_wide,ibs_low,241491,0.019793143360858398,0.019849734290397894,0.008594249107824957,0.030676985452997567,0.6653846153846154,2.8694154233491105,True
signal_sma5_wide,bb_lower,103516,0.04036524012008019,0.06671986539424445,0.04845198305026967,0.08403436691748879,0.7181467181467182,3.1494937980602034,True
signal_sma5_wide,idio_drop,88315,-0.0019259908108718235,-0.016045767962643395,-0.03331644125758392,0.00071375009661612,0.4826254826254826,3.0953631885863104,False
signal_sma5_wide,market_drop,38797,0.06149221367569017,0.1330444328987455,0.1071063383616423,0.15818307394170167,0.7947598253275109,2.9174420702631645,True
signal_sma5_wide,down_5days,136586,0.042775590681680346,0.07254214989044218,0.05719035377641402,0.08768513973101866,0.7692307692307693,2.9527770049639055,True
signal_sma5_fast,connors_rsi2,102110,0.031049999180939484,0.09040817750373324,0.06565168037390076,0.11506860414741388,0.7192307692307692,2.366281461169327,True
signal_sma5_fast,pullback_3day,118328,0.02709713218912717,0.054393698882552674,0.031599307058177636,0.0771247163555978,0.6576923076923077,2.308819552430532,True
signal_sma5_fast,rs_pullback_50ma,19142,-0.001290391071708858,0.041016312952876825,0.020400739368301633,0.06234591632818995,0.5642023346303502,1.6468498589489082,True
signal_sma5_fast,connors_rsi2_strict,35217,0.0451152803887655,0.13140890458034746,0.10007374223068863,0.16244870041572118,0.7192307692307692,2.370304114490161,True
signal_sma5_fast,cum_rsi,126979,0.034763853558141315,0.07958665978806884,0.05594531989153255,0.10292467925522525,0.7,2.2253994755038233,True
signal_sma5_fast,ibs_low,241491,0.002320630199214328,0.01741965147209184,0.0004918824934812859,0.03438788810901565,0.5923076923076923,2.133437685048304,True
signal_sma5_fast,bb_lower,103516,0.032497928370192955,0.0898403837035228,0.0636308703079298,0.114684221724853,0.6911196911196911,2.356031917771166,True
signal_sma5_fast,idio_drop,88315,-0.026123377391896994,-0.027205421837692593,-0.05009692231896487,-0.003973449590096589,0.42857142857142855,2.289905452074959,False
signal_sma5_fast,market_drop,38797,0.05912153609911763,0.20692628168282015,0.16466862956984346,0.2514869456871614,0.7467248908296943,2.2190633296388897,True
signal_sma5_fast,down_5days,136586,0.039524559130551466,0.10296613925729053,0.0794834225221266,0.12627473588491855,0.7461538461538462,2.2278344779113524,True
bracket_2.0R_15d,connors_rsi2,102110,0.09594538386469688,0.12901473568931632,0.09100891121140085,0.16681078569624477,0.7076923076923077,5.266232494368818,True
bracket_2.0R_15d,pullback_3day,118328,0.1018428079995862,0.08864750084555781,0.055892330729395576,0.12186499559081179,0.6538461538461539,5.357835846122642,True
bracket_2.0R_15d,rs_pullback_50ma,19142,0.08254195500081145,0.07797813791921243,0.03820379929241095,0.11920612308883562,0.5836575875486382,5.340873471946505,True
bracket_2.0R_15d,connors_rsi2_strict,35217,0.09328167388623963,0.15979358805409083,0.10916951474843925,0.20979539758601332,0.6884615384615385,5.216685123661867,True
bracket_2.0R_15d,cum_rsi,126979,0.09864412627286089,0.12160215251201768,0.08484333697239753,0.1577797672408512,0.7076923076923077,5.38470140731932,True
bracket_2.0R_15d,ibs_low,241491,0.07370679577437297,0.030094896454977964,0.0054416092815989464,0.05457887101866127,0.5576923076923077,5.396631758533444,True
bracket_2.0R_15d,bb_lower,103516,0.10370313333605005,0.14269749981206606,0.09895884793966385,0.18491288189889818,0.6718146718146718,5.259563738938908,True
bracket_2.0R_15d,idio_drop,88315,0.010573868198940543,-0.05210701527782088,-0.08390425644296423,-0.01875989164458273,0.3745173745173745,5.735401687142614,False
bracket_2.0R_15d,market_drop,38797,0.16530163136145873,0.343509328535296,0.2743220701486645,0.41131269347632504,0.759825327510917,4.9080599015387785,True
bracket_2.0R_15d,down_5days,136586,0.09796940826178596,0.14960730073341744,0.11255148928914506,0.1870879601263597,0.7038461538461539,5.324227958941619,True
bracket_2.5R_15d,connors_rsi2,102110,0.10509206855111908,0.1349838380298511,0.09293432079595586,0.17610521467453424,0.676923076923077,6.099324258152972,True
bracket_2.5R_15d,pullback_3day,118328,0.1150269378679346,0.0910356737391535,0.05361073604596352,0.12815000417212588,0.6538461538461539,6.176044554120749,True
bracket_2.5R_15d,rs_pullback_50ma,19142,0.10195859132496553,0.08598781202280255,0.041099783795858165,0.13269286307151892,0.5992217898832685,6.144499007418243,True
bracket_2.5R_15d,connors_rsi2_strict,35217,0.09871478144996754,0.1748614599511288,0.11945529282197025,0.23024174159701205,0.6807692307692308,6.0690007666751855,True
bracket_2.5R_15d,cum_rsi,126979,0.10911501177477674,0.12831098563702412,0.08705797221258424,0.1686022521202676,0.6807692307692308,6.216563368746013,True
bracket_2.5R_15d,ibs_low,241491,0.0885257132224321,0.029848558255988672,0.0025958854042224602,0.05695145221247463,0.5653846153846154,6.206003536363674,True
bracket_2.5R_15d,bb_lower,103516,0.11695232025932634,0.1541568206330341,0.10671503656007637,0.20175731190054666,0.6718146718146718,6.102013215348352,True
bracket_2.5R_15d,idio_drop,88315,0.0106946479210486,-0.07153688833146317,-0.10947632406676358,-0.03341418259633453,0.3745173745173745,6.508396082205741,False
bracket_2.5R_15d,market_drop,38797,0.18419394385617888,0.3529625034497887,0.2770670316843673,0.4265040167385028,0.7379912663755459,5.7824316313117,True
bracket_2.5R_15d,down_5days,136586,0.10649783390409823,0.15757734997789535,0.11583068958033246,0.1991931480990612,0.7230769230769231,6.1734731231605,True
bracket_3.0R_20d,connors_rsi2,102110,0.12138562625122773,0.13967033788826236,0.09297460401471107,0.18373625557526352,0.676923076923077,7.287415532269121,True
bracket_3.0R_20d,pullback_3day,118328,0.13506391958579783,0.0909175994739787,0.05086071378517795,0.12997185787330656,0.6269230769230769,7.3597288891893715,True
bracket_3.0R_20d,rs_pullback_50ma,19142,0.13500716579805513,0.1045594325440713,0.05523445559262701,0.15443192051177554,0.5953307392996109,7.308170515097691,True
bracket_3.0R_20d,connors_rsi2_strict,35217,0.10330342900146607,0.16654597728835407,0.1048684298076139,0.2297898219049925,0.6461538461538462,7.266433824573359,True
bracket_3.0R_20d,cum_rsi,126979,0.12608853111229962,0.13060866720619843,0.08528352894011475,0.17380905312183648,0.6538461538461539,7.413131305176447,True
bracket_3.0R_20d,ibs_low,241491,0.10696507938328145,0.02679626467657831,-0.002219971047994428,0.05566983451031339,0.5846153846153846,7.409679863845858,False
bracket_3.0R_20d,bb_lower,103516,0.14300398884133106,0.16317881831444198,0.10996931473264444,0.21483649520060746,0.6447876447876448,7.3130433942578925,True
bracket_3.0R_20d,idio_drop,88315,0.028581372735426488,-0.07767256245916165,-0.11869825613808734,-0.03401776204707154,0.38996138996138996,7.7264111419351185,False
bracket_3.0R_20d,market_drop,38797,0.2137673828314939,0.37530055180448446,0.2936977564179032,0.457044961224576,0.74235807860262,6.925277727659355,True
bracket_3.0R_20d,down_5days,136586,0.12232695060436341,0.15481593662216828,0.10984184280614967,0.19829401984566813,0.6961538461538461,7.381005373903621,True
bracket_4.0R_30d,connors_rsi2,102110,0.165286818738001,0.16228043660531044,0.10901886777294231,0.2133511546562778,0.7038461538461539,9.503231808833611,True
bracket_4.0R_30d,pullback_3day,118328,0.1862221764489995,0.11261425915656635,0.06561105382539452,0.1599035954753194,0.6384615384615384,9.56603677912244,True
bracket_4.0R_30d,rs_pullback_50ma,19142,0.19414453201905635,0.14034955925565298,0.07881682454529208,0.20130548349176206,0.5875486381322957,9.533800020896457,True
bracket_4.0R_30d,connors_rsi2_strict,35217,0.13064071571834915,0.19296876710609895,0.1224012854158433,0.2638194502262219,0.6346153846153846,9.526450293892154,True
bracket_4.0R_30d,cum_rsi,126979,0.17119436267389887,0.15124142009215288,0.10007768314925318,0.19975710829357607,0.6807692307692308,9.644823159735074,True
bracket_4.0R_30d,ibs_low,241491,0.1443422494483977,0.02630311167433689,-0.007940635961607467,0.06024567366149793,0.5961538461538461,9.666368518909607,False
bracket_4.0R_30d,bb_lower,103516,0.18927308502591916,0.18689834115687237,0.12845467982400732,0.242827479105368,0.6833976833976834,9.62370068395224,True
bracket_4.0R_30d,idio_drop,88315,0.07266067339884377,-0.06694463225970633,-0.11505051433400573,-0.01797561768478558,0.4015444015444015,9.942037026552681,False
bracket_4.0R_30d,market_drop,38797,0.27279699138346963,0.4238068395021658,0.32630743828071423,0.5192817596966802,0.6943231441048034,9.225867979482949,True
bracket_4.0R_30d,down_5days,136586,0.16725582824078863,0.17939415322374455,0.12960540349107466,0.22835491002737743,0.7153846153846154,9.637437219041484,True
trail_3atr_20d,connors_rsi2,102110,0.1502220514613223,0.17829928593908578,0.12348422050313117,0.22852802432482844,0.6846153846153846,9.145676231515033,True
trail_3atr_20d,pullback_3day,118328,0.16034851636372005,0.11462367478163231,0.06731911528534451,0.16042227535114634,0.65,9.255315732540058,True
trail_3atr_20d,rs_pullback_50ma,19142,0.15721043686477448,0.1286227436895908,0.06748317104100039,0.1909738205033241,0.5758754863813229,9.169992686239683,True
trail_3atr_20d,connors_rsi2_strict,35217,0.10863182304486897,0.22551843859922033,0.1330370418446962,0.34059459554938415,0.6576923076923077,9.047278303092257,True
trail_3atr_20d,cum_rsi,126979,0.15209229709771685,0.15669603803491633,0.10419529598881216,0.20625372475065964,0.6807692307692308,9.264232668393987,True
trail_3atr_20d,ibs_low,241491,0.11458387158403131,0.023901023741683895,-0.009809795227549762,0.0566308302310484,0.5846153846153846,9.1979079965713,False
trail_3atr_20d,bb_lower,103516,0.17934082711359353,0.20005969263484147,0.14140508401574448,0.2574753801444336,0.6756756756756757,9.216169481046409,True
trail_3atr_20d,idio_drop,88315,0.05072141221869081,-0.06373963452827182,-0.11060822074647282,-0.015315883539229577,0.4247104247104247,9.281571646945592,False
trail_3atr_20d,market_drop,38797,0.24578571475239802,0.4248876835149324,0.33064726222348584,0.5209891359903501,0.7248908296943232,9.103590483800295,True
trail_3atr_20d,down_5days,136586,0.14873018136510657,0.18611593122462045,0.13587240092371486,0.23512855997837437,0.7038461538461539,9.222211646874497,True
